CATEGORY,PARKS
ACCESSIBILITY,BADLANDS
ACCESSIBILITY,BRYCE CANYON
ACCESSIBILITY,CRATER LAKE
ACCESSIBILITY,MESA VERDE
ACCESSIBILITY,PETRIFIED FOREST
BEAR SPOTTING,GLACIER
BEAR SPOTTING,WATERTON LAKES
BEAR SPOTTING,YELLOWSTONE
BEAR SPOTTING,YOSEMITE
BURNING CALORIES ,CANYONLANDS
BURNING CALORIES ,CHANNEL ISLANDS
BURNING CALORIES ,MOUNT RANIER
CULTURAL HISTORY ,MESA VERDE
CULTURAL HISTORY ,PETRIFIED FOREST
CULTURAL HISTORY ,THEODORE ROOSEVELT
DAY-TRIPPERS ,JOSHUA TREE
DAY-TRIPPERS ,MOUNT RANIER
DAY-TRIPPERS ,ROCKY MOUNTAIN
DAY-TRIPPERS ,SAGUARO
DESERT SOLITUDE,ARCHES
DESERT SOLITUDE,BIG BEND
DESERT SOLITUDE,DEALTH VALLEY
DESERT SOLITUDE,JOSHUA TREE
FUN/FUNKY ACTIVITIES,BADLANDS
FUN/FUNKY ACTIVITIES,CARLSBAD CAVERNS
FUN/FUNKY ACTIVITIES,CRATER LAKE
FUN/FUNKY ACTIVITIES,LASSEN VOLCANIC
GETTING A TASTE OF THE WILD WEST ,BADLANDS
GETTING A TASTE OF THE WILD WEST ,BIG BEND
GETTING A TASTE OF THE WILD WEST ,DEATH VALLEY
GETTING A TASTE OF THE WILD WEST ,ZION
INSPIRATION,GLACIER
INSPIRATION,GREAT BASIN
INSPIRATION,NORTH CASCADES
INSPIRATION,ROCKY MOUNTAINS
INSPIRATION,YOSEMITE
PITCH A TENT IN,BANFF
PITCH A TENT IN,CAPITOL REEF
PITCH A TENT IN,OLYMPIC
PITCH A TENT IN,YOSEMITE
ROMANTICS,BANFF
ROMANTICS,CHANNEL ISLANDS
ROMANTICS,GRAND CANYON
SCENIC DRIVES ,GLACIER
SCENIC DRIVES ,JASPER
SCENIC DRIVES ,REDWOOD
SCENIC DRIVES ,ROCKY MOUNTAIN 
SPOTTING BALD EAGLES ,NORTH CASCADES
SPOTTING BALD EAGLES ,OLYMPIC
SPOTTING BALD EAGLES ,YELLOWSTONE
TRAIN TRAVEL,GLACIER
TRAIN TRAVEL,GRAND CANYON
TRAIN TRAVEL,ROCKY MOUNTAIN
BEACHES,CHANNEL ISLANDS 
BEACHES,OLYMPIC
BEACHES,REDWOOD
BIRDS,BIG BEND
BIRDS,CARLSBAD CAVERNS
BIRDS,GREAT SAND DUNES
BIRDS,GUADALUPE MOUNTAINS
BIRDS,JOSHUA TREE
BIRDS,MOUNT RANIER
BIRDS,PINNACLES
BIRDS,ROCKY MOUNTAIN
BIRDS,THEODORE ROOSEVELT
BISON,GRAND TETON
BISON,GREAT SAND DUNES
BISON,THEODORE ROOSEVELT
BISON,YELLOWSTONE
BOATING,BIG BEND 
BOATING,CHANNEL ISLANDS
BOATING,GLACIER
BOATING,GRAND CANYON
BOATING,GRAND TETON
BOATING,LASSEN VOLCANIC
BOATING,NORTH CASCADES
BOATING,OLYMPIC
BOATING,REDWOOD
BOATING,THEODORE ROOSEVELT
BOATING,YELLOWSTONE 
BOATING,YOSEMITE
CAVES/CAVERNS ,CARLSBAD CAVERNS
CAVES/CAVERNS ,CHANNEL ISLANDS
CAVES/CAVERNS ,GREAT BASIN
CAVES/CAVERNS ,SEQUOIA 
CAVES/CAVERNS ,KINGS
CAVES/CAVERNS ,CANYON
CAVES/CAVERNS ,WIND CAVE
FISHING,BIG BEND
FISHING,BLACK CANYON OF THE GUNNISON
FISHING,CAPITOL REEF
FISHING,CHANNEL ISLANDS 
FISHING,GLACIER
FISHING,GRAND CANYON
FISHING,GRAND TETON
FISHING,GREAT BASIN
FISHING,MOUNT RANIER
FISHING,NORTH CASCADES
FISHING,OLYMPIC
FISHING,REDWOOD
FISHING,ROCKY MOUNTAIN
FISHING,SEQUOIA 
FISHING,KINGS
FISHING,CANYON
FISHING,THEODORE ROOSEVELT
FISHING,YELLOWSTONE
FISHING,YOSEMITE
GEOLOGICAL GREATS,ARCHES
GEOLOGICAL GREATS,BRYCE CANYON
GEOLOGICAL GREATS,CANYONLANDS
GEOLOGICAL GREATS,CARLSBAD CAVERNS
GEOLOGICAL GREATS,CRATER LAKE
GEOLOGICAL GREATS,GRAND CANYON
GEOLOGICAL GREATS,LASSEN VOLCANIC
GEOLOGICAL GREATS,PETRIFIED FOREST 
GEOLOGICAL GREATS,YELLOWSTONE
GEYSERS,DEATH VALLEY
GEYSERS,LASSEN VOLCANIC
GEYSERS,MOUNT RANIER
GEYSERS,OLYMPIC
GEYSERS,YELLOWSTONE
GLACIERS/ICE FIELDS,BANFF
GLACIERS/ICE FIELDS,GLACIER
GLACIERS/ICE FIELDS,GRAND TETON
GLACIERS/ICE FIELDS,JASPER
GLACIERS/ICE FIELDS,MOUNT RANIER
GLACIERS/ICE FIELDS,NORTH CASCADES
GLACIERS/ICE FIELDS,OLYMPIC
HORSEBACK RIDING,BANFF
HORSEBACK RIDING,GLACIER
HORSEBACK RIDING,JASPER
HORSEBACK RIDING,LASSEN VOLCANIC
HORSEBACK RIDING,MOUNT RANIER
HORSEBACK RIDING,OLYMPIC
HORSEBACK RIDING,ROCKY  MOUNTAIN
HORSEBACK RIDING,THEODORE ROOSEVELT
HORSEBACK RIDING,YOSEMITE
MOUNTAINS,BIG BEND
MOUNTAINS,CAPITOL REEF
MOUNTAINS,GLACIER
MOUNTAINS,GRAND TETON
MOUNTAINS,GUADALUPE MOUNTAINS
MOUNTAINS,JASPER
MOUNTAINS,LASSEN VOLCANIC
MOUNTAINS,NORTH CASCADES
MOUNTAINS,OLYMPIC
MOUNTAINS,ROCKY MOUNTAIN
MOUNTAINS,SEQUOIA 
MOUNTAINS,KINGS
MOUNTAINS,CANYON
MOUNTAINS,YOSEMITE
TREES/FORESTS,JOSHUA TREE
TREES/FORESTS,NORTH CASCADES
TREES/FORESTS,OLYMPIC
TREES/FORESTS,PETRIFIED FOREST
TREES/FORESTS,REDWOOD
TREES/FORESTS,SEQUOIA 
TREES/FORESTS,KINGS
TREES/FORESTS,CANYON
TREES/FORESTS,YOSEMITE
VOLCANOES,CRATER LAKE
VOLCANOES,DEATH VALLEY
VOLCANOES,LASSEN VOLCANIC
VOLCANOES,MOUNT RANIER
VOLCANOES,YELLOWSTONE
WATERFALLS,BANFF
WATERFALLS,CRATER LAKE
WATERFALLS,JASPER
WATERFALLS,GREAT SAND DUNES
WATERFALLS,LASSEN VOLCANIC
WATERFALLS,MOUNT RANIER
WATERFALLS,OLYMPIC
WATERFALLS,ROCKY MOUNTAINS
WATERFALLS,YELLOWSTONE
WATERFALLS,YOSEMITE
WINTER SPORTS,BRYCE CANYON
WINTER SPORTS,JASPER
WINTER SPORTS,JOSHUA TREE
WINTER SPORTS,MOUNT RANIER
WINTER SPORTS,OLYMPIC
WINTER SPORTS,ROCKY MOUNTAINS
WINTER SPORTS,YELLOWSTONE
WINTER SPORTS,YOSEMITE
WINTER SPORTS,ZION
